Filter.Trt,UV.Trt,Treatment,NPOC..mg.L.length,TN..mg.L.length,percent.change.NPOC.length,NPOC..mg.L.mean,TN..mg.L.mean,percent.change.NPOC.mean,NPOC..mg.L.sd,TN..mg.L.sd,percent.change.NPOC.sd,NPOC..mg.LSE,TN..mg.L.SE,percent.change.NPOC.L.SE
Filtered,NoUV,burned,15,15,15,11.87253333,0.48824,10.48615893,13.16663515,0.176191409,5.993407832,3.399610577,0.045492426,1.547491248
Filtered,NoUV,unburned,15,15,15,13.76046667,0.50208,9.828949019,12.83762265,0.187960954,7.616069266,3.314659915,0.04853131,1.966460629
Filtered,UV,burned,15,15,15,11.3968,0.541906667,10.84340256,11.49842919,0.221879029,4.719445158,2.96888165,0.057288919,1.2185555
Filtered,UV,unburned,15,15,15,13.9738,0.52774,7.767326973,12.82974646,0.18757427,7.309656868,3.312626293,0.048431468,1.887345288
Unfiltered,NoUV,burned,15,15,15,11.1606,0.592073333,13.91547275,12.53520711,0.194657962,7.821084518,3.236576558,0.05026047,2.019395339
Unfiltered,NoUV,unburned,15,15,15,12.726,0.540086667,15.6497828,12.20843828,0.200441519,8.178523428,3.152205208,0.051753778,2.111685669
Unfiltered,UV,burned,15,15,15,10.789,0.484153333,16.60666559,12.19911418,0.190546874,8.364662844,3.149797738,0.049198991,2.159746659
Unfiltered,UV,unburned,15,15,15,12.34073333,0.485806667,17.43328704,11.75741665,0.160319242,8.457411187,3.035751926,0.04139425,2.183694179