"","Model","df","AIC"
"1","Sage: Treatment with by-factor smooth",3.00023971945413,247.154227150525
"2","Sage: Treatment with global smooth",3.00016724671527,247.154111113522
"3","Sage: global smooth",2.00016839753008,245.579699679993
"4","Willow: Treatment with by-factor smooth",3.17784271471248,251.990096348712
"5","Willow: Treatment with global smooth",3.00017935705843,251.836379394005
"6","Willow: global smooth",2.0001757591892,252.418031553662
