"","Model","df","AIC"
"1","UV-only: Treatment with by-factor smooth",3.00015462535555,198.052060541097
"2","UV-only: Treatment with global smooth",3.00022812027567,198.052166155441
"3","UV-only: global smooth",2.00022603577991,197.998275951524
"4","Microbes-only: Treatment with by-factor smooth",9.59434589875339,186.384526711733
"5","Microbes-only: Treatment with global smooth",6.70374943887458,182.138189865821
"6","Microbes-only: global smooth",5.69217129581574,181.492213033302
"7","UV and microbes: Treatment with by-factor smooth",9.65933078548033,186.385831485705
"8","UV and microbes: Treatment with global smooth",6.97110245874119,181.105809514488
"9","UV and microbes: global smooth",6.0134507475318,179.410141478707
